id_mutation;date_mutation;numero_disposition;nature_mutation;valeur_fonciere;adresse_numero;adresse_suffixe;adresse_nom_voie;adresse_code_voie;code_postal;code_commune;nom_commune;code_departement;ancien_code_commune;ancien_nom_commune;id_parcelle;ancien_id_parcelle;numero_volume;lot1_numero;lot1_surface_carrez;lot2_numero;lot2_surface_carrez;lot3_numero;lot3_surface_carrez;lot4_numero;lot4_surface_carrez;lot5_numero;lot5_surface_carrez;nombre_lots;code_type_local;type_local;surface_reelle_bati;nombre_pieces_principales;code_nature_culture;nature_culture;code_nature_culture_speciale;nature_culture_speciale;surface_terrain;longitude;latitude;section_prefixe
"2022-327256";"2022-06-14";"1";"Vente";"418120.0";"31";"None";"RUE SAINT JEAN";"6425";"69005";"69385";"Lyon 5e Arrondissement";"69";"None";"None";"69385000AH0042";"None";"None";"9";"82.74";"None";"nan";"None";"nan";"None";"None";"None";"None";"1";"2";"Appartement";"80.0";"3.0";"None";"None";"None";"None";"nan";"4.82789";"45.762595";"000AH"
"2022-327256";"2022-06-14";"1";"Vente";"418120.0";"31";"None";"RUE SAINT JEAN";"6425";"69005";"69385";"Lyon 5e Arrondissement";"69";"None";"None";"69385000AH0042";"None";"None";"9";"82.74";"None";"nan";"None";"nan";"None";"None";"None";"None";"1";"3";"Dépendance";"nan";"0.0";"None";"None";"None";"None";"nan";"4.82789";"45.762595";"000AH"
"2022-327256";"2022-06-14";"1";"Vente";"418120.0";"31";"None";"RUE SAINT JEAN";"6425";"69005";"69385";"Lyon 5e Arrondissement";"69";"None";"None";"69385000AH0042";"None";"None";"9";"82.74";"None";"nan";"None";"nan";"None";"None";"None";"None";"1";"3";"Dépendance";"nan";"0.0";"None";"None";"None";"None";"nan";"4.82789";"45.762595";"000AH"
"2022-325249";"2022-06-08";"1";"Vente";"208170.0";"34";"None";"RUE SAINT JEAN";"6425";"69005";"69385";"Lyon 5e Arrondissement";"69";"None";"None";"69385000AH0057";"None";"None";"133";"nan";"None";"nan";"None";"nan";"None";"None";"None";"None";"1";"2";"Appartement";"29.0";"2.0";"None";"None";"None";"None";"nan";"4.827546";"45.762886";"000AH"
"2022-325114";"2022-06-07";"1";"Vente";"210000.0";"5";"None";"PL DE LA BALEINE";"0600";"69005";"69385";"Lyon 5e Arrondissement";"69";"None";"None";"69385000AH0019";"None";"None";"30";"nan";"7";"58.74";"None";"nan";"None";"None";"None";"None";"2";"2";"Appartement";"50.0";"2.0";"None";"None";"None";"None";"nan";"4.828289";"45.763104";"000AH"
"2022-325687";"2022-06-07";"1";"Vente";"2032030.0";"34";"None";"RUE DU BOEUF";"0950";"69005";"69385";"Lyon 5e Arrondissement";"69";"None";"None";"69385000AH0094";"None";"None";"72";"184.06";"73";"nan";"None";"nan";"None";"None";"None";"None";"2";"2";"Appartement";"187.0";"5.0";"None";"None";"None";"None";"nan";"4.826151";"45.762451";"000AH"
"2022-325114";"2022-06-07";"1";"Vente";"210000.0";"5";"None";"PL DE LA BALEINE";"0600";"69005";"69385";"Lyon 5e Arrondissement";"69";"None";"None";"69385000AH0019";"None";"None";"30";"nan";"7";"58.74";"None";"nan";"None";"None";"None";"None";"2";"3";"Dépendance";"nan";"0.0";"None";"None";"None";"None";"nan";"4.828289";"45.763104";"000AH"
"2022-325687";"2022-06-07";"1";"Vente";"2032030.0";"34";"None";"RUE DU BOEUF";"0950";"69005";"69385";"Lyon 5e Arrondissement";"69";"None";"None";"69385000AH0094";"None";"None";"72";"184.06";"73";"nan";"None";"nan";"None";"None";"None";"None";"2";"3";"Dépendance";"nan";"0.0";"None";"None";"None";"None";"nan";"4.826151";"45.762451";"000AH"
"2022-325687";"2022-06-07";"1";"Vente";"2032030.0";"34";"None";"RUE DU BOEUF";"0950";"69005";"69385";"Lyon 5e Arrondissement";"69";"None";"None";"69385000AH0094";"None";"None";"44";"nan";"None";"nan";"None";"nan";"None";"None";"None";"None";"1";"3";"Dépendance";"nan";"0.0";"None";"None";"None";"None";"nan";"4.826151";"45.762451";"000AH"
"2022-325687";"2022-06-07";"1";"Vente";"2032030.0";"34";"None";"RUE DU BOEUF";"0950";"69005";"69385";"Lyon 5e Arrondissement";"69";"None";"None";"69385000AH0094";"None";"None";"42";"nan";"None";"nan";"None";"nan";"None";"None";"None";"None";"1";"3";"Dépendance";"nan";"0.0";"None";"None";"None";"None";"nan";"4.826151";"45.762451";"000AH"
"2022-325687";"2022-06-07";"1";"Vente";"2032030.0";"34";"None";"RUE DU BOEUF";"0950";"69005";"69385";"Lyon 5e Arrondissement";"69";"None";"None";"69385000AH0094";"None";"None";"76";"nan";"None";"nan";"None";"nan";"None";"None";"None";"None";"1";"3";"Dépendance";"nan";"0.0";"None";"None";"None";"None";"nan";"4.826151";"45.762451";"000AH"
"2022-325687";"2022-06-07";"1";"Vente";"2032030.0";"34";"None";"RUE DU BOEUF";"0950";"69005";"69385";"Lyon 5e Arrondissement";"69";"None";"None";"69385000AH0094";"None";"None";"72";"184.06";"73";"nan";"None";"nan";"None";"None";"None";"None";"2";"3";"Dépendance";"nan";"0.0";"None";"None";"None";"None";"nan";"4.826151";"45.762451";"000AH"
"2022-325905";"2022-05-30";"1";"Vente";"375000.0";"1";"None";"PL NEUVE ST JEAN";"5015";"69005";"69385";"Lyon 5e Arrondissement";"69";"None";"None";"69385000AH0068";"None";"None";"11";"65.9";"None";"nan";"None";"nan";"None";"None";"None";"None";"1";"2";"Appartement";"64.0";"3.0";"None";"None";"None";"None";"nan";"4.827425";"45.762508";"000AH"
"2022-324920";"2022-05-24";"1";"Vente";"160000.0";"29";"None";"RUE DU BOEUF";"0950";"69005";"69385";"Lyon 5e Arrondissement";"69";"None";"None";"69385000AH0090";"None";"None";"15";"nan";"28";"nan";"None";"nan";"None";"None";"None";"None";"2";"2";"Appartement";"37.0";"1.0";"None";"None";"None";"None";"nan";"4.826669";"45.762131";"000AH"
"2022-324920";"2022-05-24";"1";"Vente";"160000.0";"29";"None";"RUE DU BOEUF";"0950";"69005";"69385";"Lyon 5e Arrondissement";"69";"None";"None";"69385000AH0090";"None";"None";"15";"nan";"28";"nan";"None";"nan";"None";"None";"None";"None";"2";"3";"Dépendance";"nan";"0.0";"None";"None";"None";"None";"nan";"4.826669";"45.762131";"000AH"
"2022-325418";"2022-05-19";"1";"Vente";"231000.0";"31";"None";"RUE SAINT JEAN";"6425";"69005";"69385";"Lyon 5e Arrondissement";"69";"None";"None";"69385000AH0042";"None";"None";"6";"41.7";"None";"nan";"None";"nan";"None";"None";"None";"None";"1";"2";"Appartement";"42.0";"2.0";"None";"None";"None";"None";"nan";"4.82789";"45.762595";"000AH"
"2022-325418";"2022-05-19";"1";"Vente";"231000.0";"31";"None";"RUE SAINT JEAN";"6425";"69005";"69385";"Lyon 5e Arrondissement";"69";"None";"None";"69385000AH0042";"None";"None";"6";"41.7";"None";"nan";"None";"nan";"None";"None";"None";"None";"1";"3";"Dépendance";"nan";"0.0";"None";"None";"None";"None";"nan";"4.82789";"45.762595";"000AH"
"2022-325125";"2022-05-17";"1";"Vente";"231000.0";"19";"None";"RUE DU BOEUF";"0950";"69005";"69385";"Lyon 5e Arrondissement";"69";"None";"None";"69385000AH0075";"None";"None";"112";"34.57";"None";"nan";"None";"nan";"None";"None";"None";"None";"1";"2";"Appartement";"31.0";"1.0";"None";"None";"None";"None";"nan";"4.826932";"45.762404";"000AH"
"2022-323529";"2022-05-03";"1";"Vente";"570000.0";"19";"None";"QUAI ROMAIN ROLLAND";"6110";"69005";"69385";"Lyon 5e Arrondissement";"69";"None";"None";"69385000AH0031";"None";"None";"10";"139.45";"22";"nan";"None";"nan";"None";"None";"None";"None";"2";"2";"Appartement";"138.0";"4.0";"None";"None";"None";"None";"nan";"4.828567";"45.762654";"000AH"
"2022-322535";"2022-04-15";"1";"Vente";"443500.0";"32";"None";"RUE DU BOEUF";"0950";"69005";"69385";"Lyon 5e Arrondissement";"69";"None";"None";"69385000AH0095";"None";"None";"28";"nan";"3";"89.01";"None";"nan";"None";"None";"None";"None";"2";"2";"Appartement";"99.0";"2.0";"None";"None";"None";"None";"nan";"4.826293";"45.762612";"000AH"
"2022-321923";"2022-03-17";"1";"Vente";"240000.0";"18";"None";"QUAI ROMAIN ROLLAND";"6110";"69005";"69385";"Lyon 5e Arrondissement";"69";"None";"None";"69385000AH0120";"None";"None";"4";"55.0";"None";"nan";"None";"nan";"None";"None";"None";"None";"1";"2";"Appartement";"62.0";"3.0";"None";"None";"None";"None";"nan";"4.828684";"45.762698";"000AH"
"2022-321144";"2022-01-19";"1";"Vente";"1034554.0";"21";"None";"QUAI ROMAIN ROLLAND";"6110";"69005";"69385";"Lyon 5e Arrondissement";"69";"None";"None";"69385000AH0033";"None";"None";"22";"136.09";"27";"nan";"3";"nan";"None";"None";"None";"None";"3";"2";"Appartement";"134.0";"4.0";"None";"None";"None";"None";"nan";"4.828572";"45.762465";"000AH"
"2022-321144";"2022-01-19";"1";"Vente";"1034554.0";"21";"None";"QUAI ROMAIN ROLLAND";"6110";"69005";"69385";"Lyon 5e Arrondissement";"69";"None";"None";"69385000AH0033";"None";"None";"22";"136.09";"27";"nan";"3";"nan";"None";"None";"None";"None";"3";"3";"Dépendance";"nan";"0.0";"None";"None";"None";"None";"nan";"4.828572";"45.762465";"000AH"
"2022-321144";"2022-01-19";"1";"Vente";"1034554.0";"21";"None";"QUAI ROMAIN ROLLAND";"6110";"69005";"69385";"Lyon 5e Arrondissement";"69";"None";"None";"69385000AH0033";"None";"None";"22";"136.09";"27";"nan";"3";"nan";"None";"None";"None";"None";"3";"3";"Dépendance";"nan";"0.0";"None";"None";"None";"None";"nan";"4.828572";"45.762465";"000AH"
"2021-1062523";"2021-12-28";"1";"Vente";"320000.0";"20";"None";"QUAI ROMAIN ROLLAND";"6110";"69005";"69385";"Lyon 5e Arrondissement";"69";"None";"None";"69385000AH0032";"None";"None";"6";"85.93";"None";"nan";"None";"nan";"None";"None";"None";"None";"1";"2";"Appartement";"94.0";"2.0";"None";"None";"None";"None";"nan";"4.828611";"45.762547";"000AH"
"2021-1062523";"2021-12-28";"1";"Vente";"320000.0";"20";"None";"QUAI ROMAIN ROLLAND";"6110";"69005";"69385";"Lyon 5e Arrondissement";"69";"None";"None";"69385000AH0032";"None";"None";"7";"86.86";"None";"nan";"None";"nan";"None";"None";"None";"None";"1";"2";"Appartement";"87.0";"3.0";"None";"None";"None";"None";"nan";"4.828611";"45.762547";"000AH"
"2021-1062523";"2021-12-28";"1";"Vente";"320000.0";"20";"None";"QUAI ROMAIN ROLLAND";"6110";"69005";"69385";"Lyon 5e Arrondissement";"69";"None";"None";"69385000AH0032";"None";"None";"7";"86.86";"None";"nan";"None";"nan";"None";"None";"None";"None";"1";"3";"Dépendance";"nan";"0.0";"None";"None";"None";"None";"nan";"4.828611";"45.762547";"000AH"
"2021-1062523";"2021-12-28";"1";"Vente";"320000.0";"20";"None";"QUAI ROMAIN ROLLAND";"6110";"69005";"69385";"Lyon 5e Arrondissement";"69";"None";"None";"69385000AH0032";"None";"None";"7";"86.86";"None";"nan";"None";"nan";"None";"None";"None";"None";"1";"3";"Dépendance";"nan";"0.0";"None";"None";"None";"None";"nan";"4.828611";"45.762547";"000AH"
"2021-1062523";"2021-12-28";"1";"Vente";"320000.0";"20";"None";"QUAI ROMAIN ROLLAND";"6110";"69005";"69385";"Lyon 5e Arrondissement";"69";"None";"None";"69385000AH0032";"None";"None";"6";"85.93";"None";"nan";"None";"nan";"None";"None";"None";"None";"1";"3";"Dépendance";"nan";"0.0";"None";"None";"None";"None";"nan";"4.828611";"45.762547";"000AH"
"2021-1062523";"2021-12-28";"1";"Vente";"320000.0";"20";"None";"QUAI ROMAIN ROLLAND";"6110";"69005";"69385";"Lyon 5e Arrondissement";"69";"None";"None";"69385000AH0032";"None";"None";"6";"85.93";"None";"nan";"None";"nan";"None";"None";"None";"None";"1";"3";"Dépendance";"nan";"0.0";"None";"None";"None";"None";"nan";"4.828611";"45.762547";"000AH"
"2021-1061993";"2021-12-02";"1";"Vente";"687000.0";"3";"None";"RUE DU BOEUF";"0950";"69005";"69385";"Lyon 5e Arrondissement";"69";"None";"None";"69385000AH0014";"None";"None";"109";"nan";"110";"nan";"121";"123.32";"122";"None";"None";"None";"4";"2";"Appartement";"122.0";"5.0";"None";"None";"None";"None";"nan";"4.827546";"45.763192";"000AH"
"2021-1061993";"2021-12-02";"1";"Vente";"687000.0";"3";"None";"RUE DU BOEUF";"0950";"69005";"69385";"Lyon 5e Arrondissement";"69";"None";"None";"69385000AH0014";"None";"None";"109";"nan";"110";"nan";"121";"123.32";"122";"None";"None";"None";"4";"3";"Dépendance";"nan";"0.0";"None";"None";"None";"None";"nan";"4.827546";"45.763192";"000AH"
"2021-1061993";"2021-12-02";"1";"Vente";"687000.0";"3";"None";"RUE DU BOEUF";"0950";"69005";"69385";"Lyon 5e Arrondissement";"69";"None";"None";"69385000AH0014";"None";"None";"109";"nan";"110";"nan";"121";"123.32";"122";"None";"None";"None";"4";"3";"Dépendance";"nan";"0.0";"None";"None";"None";"None";"nan";"4.827546";"45.763192";"000AH"
"2021-1061735";"2021-11-09";"1";"Vente";"411200.0";"12";"None";"RUE DU BOEUF";"0950";"69005";"69385";"Lyon 5e Arrondissement";"69";"None";"None";"69385000AH0106";"None";"None";"128";"nan";"129";"nan";"130";"nan";"133";"None";"147";"None";"6";"2";"Appartement";"83.0";"3.0";"None";"None";"None";"None";"nan";"4.826829";"45.76326";"000AH"
"2021-1061874";"2021-11-09";"1";"Vente";"145000.0";"1";"B";"MTE DU GARILLAN";"3035";"69005";"69385";"Lyon 5e Arrondissement";"69";"None";"None";"69385000AH0007";"None";"None";"14";"nan";"3";"31.1";"None";"nan";"None";"None";"None";"None";"2";"2";"Appartement";"35.0";"1.0";"None";"None";"None";"None";"nan";"4.826886";"45.763556";"000AH"
"2021-1061130";"2021-10-20";"1";"Vente";"3000.0";"22";"None";"QUAI ROMAIN ROLLAND";"6110";"69005";"69385";"Lyon 5e Arrondissement";"69";"None";"None";"69385000AH0034";"None";"None";"33";"nan";"34";"nan";"None";"nan";"None";"None";"None";"None";"2";"2";"Appartement";"52.0";"2.0";"None";"None";"None";"None";"nan";"4.828516";"45.762396";"000AH"
"2021-1061130";"2021-10-20";"1";"Vente";"3000.0";"22";"None";"QUAI ROMAIN ROLLAND";"6110";"69005";"69385";"Lyon 5e Arrondissement";"69";"None";"None";"69385000AH0034";"None";"None";"32";"nan";"None";"nan";"None";"nan";"None";"None";"None";"None";"1";"2";"Appartement";"106.0";"3.0";"None";"None";"None";"None";"nan";"4.828516";"45.762396";"000AH"
"2021-1061130";"2021-10-20";"1";"Vente";"3000.0";"22";"None";"QUAI ROMAIN ROLLAND";"6110";"69005";"69385";"Lyon 5e Arrondissement";"69";"None";"None";"69385000AH0034";"None";"None";"30";"nan";"None";"nan";"None";"nan";"None";"None";"None";"None";"1";"2";"Appartement";"144.0";"4.0";"None";"None";"None";"None";"nan";"4.828516";"45.762396";"000AH"
"2021-1061130";"2021-10-20";"1";"Vente";"3000.0";"22";"None";"QUAI ROMAIN ROLLAND";"6110";"69005";"69385";"Lyon 5e Arrondissement";"69";"None";"None";"69385000AH0034";"None";"None";"29";"nan";"None";"nan";"None";"nan";"None";"None";"None";"None";"1";"2";"Appartement";"106.0";"3.0";"None";"None";"None";"None";"nan";"4.828516";"45.762396";"000AH"
"2021-1061130";"2021-10-20";"1";"Vente";"3000.0";"22";"None";"QUAI ROMAIN ROLLAND";"6110";"69005";"69385";"Lyon 5e Arrondissement";"69";"None";"None";"69385000AH0034";"None";"None";"32";"nan";"None";"nan";"None";"nan";"None";"None";"None";"None";"1";"3";"Dépendance";"nan";"0.0";"None";"None";"None";"None";"nan";"4.828516";"45.762396";"000AH"
"2021-1061130";"2021-10-20";"1";"Vente";"3000.0";"22";"None";"QUAI ROMAIN ROLLAND";"6110";"69005";"69385";"Lyon 5e Arrondissement";"69";"None";"None";"69385000AH0034";"None";"None";"33";"nan";"34";"nan";"None";"nan";"None";"None";"None";"None";"2";"3";"Dépendance";"nan";"0.0";"None";"None";"None";"None";"nan";"4.828516";"45.762396";"000AH"
"2021-1061130";"2021-10-20";"1";"Vente";"3000.0";"22";"None";"QUAI ROMAIN ROLLAND";"6110";"69005";"69385";"Lyon 5e Arrondissement";"69";"None";"None";"69385000AH0034";"None";"None";"29";"nan";"None";"nan";"None";"nan";"None";"None";"None";"None";"1";"3";"Dépendance";"nan";"0.0";"None";"None";"None";"None";"nan";"4.828516";"45.762396";"000AH"
"2021-1061130";"2021-10-20";"1";"Vente";"3000.0";"22";"None";"QUAI ROMAIN ROLLAND";"6110";"69005";"69385";"Lyon 5e Arrondissement";"69";"None";"None";"69385000AH0034";"None";"None";"30";"nan";"None";"nan";"None";"nan";"None";"None";"None";"None";"1";"3";"Dépendance";"nan";"0.0";"None";"None";"None";"None";"nan";"4.828516";"45.762396";"000AH"
"2021-1061166";"2021-10-15";"1";"Vente";"1507300.0";"15";"None";"QUAI ROMAIN ROLLAND";"6110";"69005";"69385";"Lyon 5e Arrondissement";"69";"None";"None";"69385000AH0124";"None";"None";"13";"274.77";"14";"nan";"15";"nan";"None";"None";"None";"None";"3";"2";"Appartement";"260.0";"5.0";"None";"None";"None";"None";"nan";"4.828762";"45.763084";"000AH"
"2021-1061166";"2021-10-15";"1";"Vente";"1507300.0";"5";"None";"RUE DES TROIS MARIES";"7160";"69005";"69385";"Lyon 5e Arrondissement";"69";"None";"None";"69385000AH0126";"None";"None";"11";"nan";"16";"nan";"9";"nan";"None";"None";"None";"None";"3";"2";"Appartement";"41.0";"2.0";"None";"None";"None";"None";"nan";"4.828628";"45.763099";"000AH"
"2021-1061166";"2021-10-15";"1";"Vente";"1507300.0";"15";"None";"QUAI ROMAIN ROLLAND";"6110";"69005";"69385";"Lyon 5e Arrondissement";"69";"None";"None";"69385000AH0124";"None";"None";"13";"274.77";"14";"nan";"15";"nan";"None";"None";"None";"None";"3";"3";"Dépendance";"nan";"0.0";"None";"None";"None";"None";"nan";"4.828762";"45.763084";"000AH"
"2021-1061166";"2021-10-15";"1";"Vente";"1507300.0";"5";"None";"RUE DES TROIS MARIES";"7160";"69005";"69385";"Lyon 5e Arrondissement";"69";"None";"None";"69385000AH0126";"None";"None";"11";"nan";"16";"nan";"9";"nan";"None";"None";"None";"None";"3";"3";"Dépendance";"nan";"0.0";"None";"None";"None";"None";"nan";"4.828628";"45.763099";"000AH"
"2021-1061166";"2021-10-15";"1";"Vente";"1507300.0";"5";"None";"RUE DES TROIS MARIES";"7160";"69005";"69385";"Lyon 5e Arrondissement";"69";"None";"None";"69385000AH0126";"None";"None";"8";"304.15";"None";"nan";"None";"nan";"None";"None";"None";"None";"1";"3";"Dépendance";"nan";"0.0";"None";"None";"None";"None";"nan";"4.828628";"45.763099";"000AH"
"2021-1060939";"2021-10-05";"1";"Vente";"370000.0";"3";"None";"RUE DES TROIS MARIES";"7160";"69005";"69385";"Lyon 5e Arrondissement";"69";"None";"None";"69385000AH0023";"None";"None";"5";"nan";"None";"nan";"None";"nan";"None";"None";"None";"None";"1";"2";"Appartement";"49.0";"2.0";"None";"None";"None";"None";"nan";"4.828528";"45.763117";"000AH"
"2021-1060409";"2021-09-15";"1";"Vente";"684800.0";"22";"None";"QUAI ROMAIN ROLLAND";"6110";"69005";"69385";"Lyon 5e Arrondissement";"69";"None";"None";"69385000AH0034";"None";"None";"21";"143.6";"None";"nan";"None";"nan";"None";"None";"None";"None";"1";"2";"Appartement";"144.0";"4.0";"None";"None";"None";"None";"nan";"4.828516";"45.762396";"000AH"
"2021-1060409";"2021-09-15";"1";"Vente";"684800.0";"22";"None";"QUAI ROMAIN ROLLAND";"6110";"69005";"69385";"Lyon 5e Arrondissement";"69";"None";"None";"69385000AH0034";"None";"None";"21";"143.6";"None";"nan";"None";"nan";"None";"None";"None";"None";"1";"3";"Dépendance";"nan";"0.0";"None";"None";"None";"None";"nan";"4.828516";"45.762396";"000AH"
"2021-1060409";"2021-09-15";"1";"Vente";"684800.0";"22";"None";"QUAI ROMAIN ROLLAND";"6110";"69005";"69385";"Lyon 5e Arrondissement";"69";"None";"None";"69385000AH0034";"None";"None";"8";"nan";"None";"nan";"None";"nan";"None";"None";"None";"None";"1";"4";"Local industriel. commercial ou assimilé";"55.0";"0.0";"None";"None";"None";"None";"nan";"4.828516";"45.762396";"000AH"
"2021-1060221";"2021-09-06";"1";"Vente";"100000.0";"34";"None";"RUE SAINT JEAN";"6425";"69005";"69385";"Lyon 5e Arrondissement";"69";"None";"None";"69385000AH0057";"None";"None";"112";"nan";"None";"nan";"None";"nan";"None";"None";"None";"None";"1";"2";"Appartement";"27.0";"2.0";"None";"None";"None";"None";"nan";"4.827546";"45.762886";"000AH"
"2021-1060434";"2021-08-31";"1";"Vente";"279680.0";"10";"None";"RUE DE LA BOMBARDE";"0970";"69005";"69385";"Lyon 5e Arrondissement";"69";"None";"None";"69385000AH0088";"None";"None";"20";"40.18";"None";"nan";"None";"nan";"None";"None";"None";"None";"1";"2";"Appartement";"47.0";"2.0";"None";"None";"None";"None";"nan";"4.826646";"45.761964";"000AH"
"2021-1059967";"2021-08-26";"1";"Vente";"516000.0";"18";"None";"QUAI ROMAIN ROLLAND";"6110";"69005";"69385";"Lyon 5e Arrondissement";"69";"None";"None";"69385000AH0120";"None";"None";"1";"95.19";"None";"nan";"None";"nan";"None";"None";"None";"None";"1";"4";"Local industriel. commercial ou assimilé";"100.0";"0.0";"None";"None";"None";"None";"nan";"4.828684";"45.762698";"000AH"
"2021-1060206";"2021-08-25";"1";"Vente";"490055.0";"9";"None";"RUE DU BOEUF";"0950";"69005";"69385";"Lyon 5e Arrondissement";"69";"None";"None";"69385000AH0059";"None";"None";"106";"nan";"122";"78.87";"None";"nan";"None";"None";"None";"None";"2";"2";"Appartement";"70.0";"3.0";"None";"None";"None";"None";"nan";"4.827427";"45.762918";"000AH"
"2021-1060206";"2021-08-25";"1";"Vente";"490055.0";"9";"None";"RUE DU BOEUF";"0950";"69005";"69385";"Lyon 5e Arrondissement";"69";"None";"None";"69385000AH0059";"None";"None";"106";"nan";"122";"78.87";"None";"nan";"None";"None";"None";"None";"2";"3";"Dépendance";"nan";"0.0";"None";"None";"None";"None";"nan";"4.827427";"45.762918";"000AH"
"2021-1059942";"2021-07-22";"1";"Vente";"115000.0";"34";"None";"RUE SAINT JEAN";"6425";"69005";"69385";"Lyon 5e Arrondissement";"69";"None";"None";"69385000AH0057";"None";"None";"133";"nan";"None";"nan";"None";"nan";"None";"None";"None";"None";"1";"2";"Appartement";"29.0";"2.0";"None";"None";"None";"None";"nan";"4.827546";"45.762886";"000AH"
"2021-1059230";"2021-07-09";"1";"Vente";"363700.0";"29";"None";"RUE DU BOEUF";"0950";"69005";"69385";"Lyon 5e Arrondissement";"69";"None";"None";"69385000AH0090";"None";"None";"48";"64.42";"None";"nan";"None";"nan";"None";"None";"None";"None";"1";"2";"Appartement";"70.0";"2.0";"None";"None";"None";"None";"nan";"4.826669";"45.762131";"000AH"
"2021-1059426";"2021-07-08";"1";"Vente";"220000.0";"8";"None";"RUE DES TROIS MARIES";"7160";"69005";"69385";"Lyon 5e Arrondissement";"69";"None";"None";"69385000AH0043";"None";"None";"13";"39.16";"None";"nan";"None";"nan";"None";"None";"None";"None";"1";"2";"Appartement";"41.0";"1.0";"None";"None";"None";"None";"nan";"4.828117";"45.762594";"000AH"
"2021-1059426";"2021-07-08";"1";"Vente";"220000.0";"8";"None";"RUE DES TROIS MARIES";"7160";"69005";"69385";"Lyon 5e Arrondissement";"69";"None";"None";"69385000AH0043";"None";"None";"13";"39.16";"None";"nan";"None";"nan";"None";"None";"None";"None";"1";"3";"Dépendance";"nan";"0.0";"None";"None";"None";"None";"nan";"4.828117";"45.762594";"000AH"
"2021-1058148";"2021-05-28";"1";"Vente";"288000.0";"8";"None";"RUE DE LA BOMBARDE";"0970";"69005";"69385";"Lyon 5e Arrondissement";"69";"None";"None";"69385000AH0087";"None";"None";"15";"48.01";"2";"nan";"None";"nan";"None";"None";"None";"None";"2";"2";"Appartement";"52.0";"2.0";"None";"None";"None";"None";"nan";"4.826835";"45.761876";"000AH"
"2021-1058148";"2021-05-28";"1";"Vente";"288000.0";"8";"None";"RUE DE LA BOMBARDE";"0970";"69005";"69385";"Lyon 5e Arrondissement";"69";"None";"None";"69385000AH0087";"None";"None";"15";"48.01";"2";"nan";"None";"nan";"None";"None";"None";"None";"2";"3";"Dépendance";"nan";"0.0";"None";"None";"None";"None";"nan";"4.826835";"45.761876";"000AH"
"2021-1057983";"2021-05-20";"1";"Vente";"175000.0";"31";"None";"RUE SAINT JEAN";"6425";"69005";"69385";"Lyon 5e Arrondissement";"69";"None";"None";"69385000AH0042";"None";"None";"6";"42.44";"None";"nan";"None";"nan";"None";"None";"None";"None";"1";"2";"Appartement";"42.0";"2.0";"None";"None";"None";"None";"nan";"4.82789";"45.762595";"000AH"
"2021-1057518";"2021-04-22";"1";"Vente";"318000.0";"18";"None";"RUE DU BOEUF";"0950";"69005";"69385";"Lyon 5e Arrondissement";"69";"None";"None";"69385000AH0103";"None";"None";"7";"49.5";"None";"nan";"None";"nan";"None";"None";"None";"None";"1";"2";"Appartement";"55.0";"2.0";"None";"None";"None";"None";"nan";"4.826909";"45.76284";"000AH"
"2021-1057276";"2021-04-20";"1";"Vente";"410000.0";"46";"None";"RUE SAINT JEAN";"6425";"69005";"69385";"Lyon 5e Arrondissement";"69";"None";"None";"69385000AH0072";"None";"None";"17";"67.06";"24";"nan";"25";"nan";"None";"None";"None";"None";"3";"2";"Appartement";"61.0";"2.0";"None";"None";"None";"None";"nan";"4.827212";"45.762349";"000AH"
"2021-1057072";"2021-04-19";"1";"Vente";"1000.0";"31";"None";"RUE SAINT JEAN";"6425";"69005";"69385";"Lyon 5e Arrondissement";"69";"None";"None";"69385000AH0042";"None";"None";"17";"11.45";"18";"nan";"None";"nan";"None";"None";"None";"None";"2";"2";"Appartement";"37.0";"1.0";"None";"None";"None";"None";"nan";"4.82789";"45.762595";"000AH"
"2021-1056805";"2021-04-01";"1";"Vente";"279400.0";"33";"None";"RUE SAINT JEAN";"6425";"69005";"69385";"Lyon 5e Arrondissement";"69";"None";"None";"69385000AH0040";"None";"None";"9";"42.89";"None";"nan";"None";"nan";"None";"None";"None";"None";"1";"2";"Appartement";"46.0";"2.0";"None";"None";"None";"None";"nan";"4.827841";"45.762507";"000AH"
"2021-1056972";"2021-04-01";"1";"Vente";"73000.0";"19";"None";"RUE DU BOEUF";"0950";"69005";"69385";"Lyon 5e Arrondissement";"69";"None";"None";"69385000AH0075";"None";"None";"110";"nan";"None";"nan";"None";"nan";"None";"None";"None";"None";"1";"2";"Appartement";"39.0";"2.0";"None";"None";"None";"None";"nan";"4.826932";"45.762404";"000AH"
"2021-1056977";"2021-04-01";"1";"Vente";"221450.0";"19";"None";"RUE DU BOEUF";"0950";"69005";"69385";"Lyon 5e Arrondissement";"69";"None";"None";"69385000AH0075";"None";"None";"119";"39.97";"None";"nan";"None";"nan";"None";"None";"None";"None";"1";"2";"Appartement";"39.0";"2.0";"None";"None";"None";"None";"nan";"4.826932";"45.762404";"000AH"
"2021-1057034";"2021-04-01";"1";"Vente";"735000.0";"46";"None";"RUE SAINT JEAN";"6425";"69005";"69385";"Lyon 5e Arrondissement";"69";"None";"None";"69385000AH0072";"None";"None";"18";"109.89";"28";"nan";"29";"nan";"None";"None";"None";"None";"3";"2";"Appartement";"119.0";"3.0";"None";"None";"None";"None";"nan";"4.827212";"45.762349";"000AH"
"2021-1056972";"2021-04-01";"1";"Vente";"73000.0";"19";"None";"RUE DU BOEUF";"0950";"69005";"69385";"Lyon 5e Arrondissement";"69";"None";"None";"69385000AH0075";"None";"None";"120";"41.64";"None";"nan";"None";"nan";"None";"None";"None";"None";"1";"3";"Dépendance";"nan";"0.0";"None";"None";"None";"None";"nan";"4.826932";"45.762404";"000AH"
"2021-1056972";"2021-04-01";"1";"Vente";"73000.0";"19";"None";"RUE DU BOEUF";"0950";"69005";"69385";"Lyon 5e Arrondissement";"69";"None";"None";"69385000AH0075";"None";"None";"121";"nan";"None";"nan";"None";"nan";"None";"None";"None";"None";"1";"3";"Dépendance";"nan";"0.0";"None";"None";"None";"None";"nan";"4.826932";"45.762404";"000AH"
"2021-1056682";"2021-03-24";"1";"Vente";"541000.0";"38";"None";"RUE DU BOEUF";"0950";"69005";"69385";"Lyon 5e Arrondissement";"69";"None";"None";"69385000AH0092";"None";"None";"21";"99.1";"None";"nan";"None";"nan";"None";"None";"None";"None";"1";"2";"Appartement";"93.0";"3.0";"None";"None";"None";"None";"nan";"4.826192";"45.76221";"000AH"
"2021-1056661";"2021-03-05";"1";"Vente";"210000.0";"19";"None";"RUE DU BOEUF";"0950";"69005";"69385";"Lyon 5e Arrondissement";"69";"None";"None";"69385000AH0075";"None";"None";"112";"34.57";"None";"nan";"None";"nan";"None";"None";"None";"None";"1";"2";"Appartement";"31.0";"1.0";"None";"None";"None";"None";"nan";"4.826932";"45.762404";"000AH"
"2021-1056406";"2021-02-26";"1";"Vente";"370000.0";"38";"None";"RUE DU BOEUF";"0950";"69005";"69385";"Lyon 5e Arrondissement";"69";"None";"None";"69385000AH0092";"None";"None";"25";"53.52";"None";"nan";"None";"nan";"None";"None";"None";"None";"1";"2";"Appartement";"49.0";"2.0";"None";"None";"None";"None";"nan";"4.826192";"45.76221";"000AH"
"2021-1056023";"2021-01-28";"1";"Vente";"790000.0";"36";"None";"RUE DU BOEUF";"0950";"69005";"69385";"Lyon 5e Arrondissement";"69";"None";"None";"69385000AH0093";"None";"None";"18";"nan";"5";"128.1";"None";"nan";"None";"None";"None";"None";"2";"2";"Appartement";"141.0";"4.0";"None";"None";"None";"None";"nan";"4.826285";"45.762318";"000AH"
"2021-1055523";"2021-01-25";"1";"Vente";"295000.0";"10";"None";"RUE DE LA BOMBARDE";"0970";"69005";"69385";"Lyon 5e Arrondissement";"69";"None";"None";"69385000AH0088";"None";"None";"11";"38.55";"None";"nan";"None";"nan";"None";"None";"None";"None";"1";"2";"Appartement";"43.0";"2.0";"None";"None";"None";"None";"nan";"4.826646";"45.761964";"000AH"
"2021-1055605";"2021-01-19";"1";"Vente";"99720.0";"19";"None";"RUE SAINT JEAN";"6425";"69005";"69385";"Lyon 5e Arrondissement";"69";"None";"None";"69385000AH0050";"None";"None";"20";"22.28";"None";"nan";"None";"nan";"None";"None";"None";"None";"1";"2";"Appartement";"22.0";"1.0";"None";"None";"None";"None";"nan";"4.828173";"45.762973";"000AH"
"2020-956996";"2020-12-23";"1";"Vente";"610000.0";"21";"None";"QUAI ROMAIN ROLLAND";"6110";"69005";"69385";"Lyon 5e Arrondissement";"69";"None";"None";"69385000AH0033";"None";"None";"19";"156.67";"25";"nan";"4";"nan";"9";"None";"None";"None";"4";"2";"Appartement";"159.0";"4.0";"None";"None";"None";"None";"nan";"4.828572";"45.762465";"000AH"
"2020-956635";"2020-12-18";"1";"Vente";"1400000.0";"8";"None";"MTE DES CHAZEAUX";"1595";"69005";"69385";"Lyon 5e Arrondissement";"69";"None";"None";"69385000AH0115";"None";"None";"None";"nan";"None";"nan";"None";"nan";"None";"None";"None";"None";"0";"1";"Maison";"146.0";"4.0";"S";"sols";"None";"None";"445.0";"4.825897";"45.762607";"000AH"
"2020-956789";"2020-12-17";"1";"Vente";"347900.0";"23";"None";"RUE SAINT JEAN";"6425";"69005";"69385";"Lyon 5e Arrondissement";"69";"None";"None";"69385000AH0048";"None";"None";"5";"80.38";"None";"nan";"None";"nan";"None";"None";"None";"None";"1";"2";"Appartement";"81.0";"3.0";"None";"None";"None";"None";"nan";"4.828043";"45.762836";"000AH"
"2020-956557";"2020-12-16";"1";"Vente";"394900.0";"4";"None";"RUE DES TROIS MARIES";"7160";"69005";"69385";"Lyon 5e Arrondissement";"69";"None";"None";"69385000AH0112";"None";"None";"6";"nan";"None";"nan";"None";"nan";"None";"None";"None";"None";"1";"2";"Appartement";"67.0";"3.0";"None";"None";"None";"None";"nan";"4.828205";"45.762803";"000AH"
"2020-956613";"2020-12-10";"1";"Vente";"662530.0";"34";"None";"RUE SAINT JEAN";"6425";"69005";"69385";"Lyon 5e Arrondissement";"69";"None";"None";"69385000AH0057";"None";"None";"116";"117.09";"None";"nan";"None";"nan";"None";"None";"None";"None";"1";"2";"Appartement";"125.0";"4.0";"None";"None";"None";"None";"nan";"4.827546";"45.762886";"000AH"
"2020-956613";"2020-12-10";"1";"Vente";"662530.0";"34";"None";"RUE SAINT JEAN";"6425";"69005";"69385";"Lyon 5e Arrondissement";"69";"None";"None";"69385000AH0057";"None";"None";"108";"nan";"None";"nan";"None";"nan";"None";"None";"None";"None";"1";"3";"Dépendance";"nan";"0.0";"None";"None";"None";"None";"nan";"4.827546";"45.762886";"000AH"
"2020-956412";"2020-12-04";"1";"Vente";"124490.0";"11";"None";"RUE DES TROIS MARIES";"7160";"69005";"69385";"Lyon 5e Arrondissement";"69";"None";"None";"69385000AH0029";"None";"None";"7";"32.38";"None";"nan";"None";"nan";"None";"None";"None";"None";"1";"2";"Appartement";"39.0";"1.0";"None";"None";"None";"None";"nan";"4.828569";"45.762816";"000AH"
"2020-956690";"2020-12-01";"1";"Vente";"350345.0";"31";"None";"RUE SAINT JEAN";"6425";"69005";"69385";"Lyon 5e Arrondissement";"69";"None";"None";"69385000AH0042";"None";"None";"14";"41.05";"None";"nan";"None";"nan";"None";"None";"None";"None";"1";"2";"Appartement";"37.0";"1.0";"None";"None";"None";"None";"nan";"4.82789";"45.762595";"000AH"
"2020-956435";"2020-11-27";"1";"Vente";"786000.0";"19";"None";"QUAI ROMAIN ROLLAND";"6110";"69005";"69385";"Lyon 5e Arrondissement";"69";"None";"None";"69385000AH0031";"None";"None";"14";"140.84";"26";"nan";"None";"nan";"None";"None";"None";"None";"2";"2";"Appartement";"136.0";"4.0";"None";"None";"None";"None";"nan";"4.828567";"45.762654";"000AH"
"2020-955888";"2020-10-29";"1";"Vente";"348450.0";"2";"None";"RUE DES TROIS MARIES";"7160";"69005";"69385";"Lyon 5e Arrondissement";"69";"None";"None";"69385000AH0050";"None";"None";"25";"53.91";"None";"nan";"None";"nan";"None";"None";"None";"None";"1";"2";"Appartement";"53.0";"2.0";"None";"None";"None";"None";"nan";"4.828173";"45.762973";"000AH"
"2020-955544";"2020-10-26";"1";"Vente";"200000.0";"10";"None";"RUE DES TROIS MARIES";"7160";"69005";"69385";"Lyon 5e Arrondissement";"69";"None";"None";"69385000AH0131";"None";"None";"12";"nan";"6";"nan";"None";"nan";"None";"None";"None";"None";"2";"2";"Appartement";"34.0";"1.0";"None";"None";"None";"None";"nan";"4.828064";"45.762479";"000AH"
"2020-955544";"2020-10-26";"1";"Vente";"200000.0";"10";"None";"RUE DES TROIS MARIES";"7160";"69005";"69385";"Lyon 5e Arrondissement";"69";"None";"None";"69385000AH0131";"None";"None";"6";"nan";"None";"nan";"None";"nan";"None";"None";"None";"None";"1";"2";"Appartement";"36.0";"1.0";"None";"None";"None";"None";"nan";"4.828064";"45.762479";"000AH"
"2020-955551";"2020-10-26";"1";"Vente";"200000.0";"10";"None";"RUE DES TROIS MARIES";"7160";"69005";"69385";"Lyon 5e Arrondissement";"69";"None";"None";"69385000AH0131";"None";"None";"5";"71.08";"9";"nan";"None";"nan";"None";"None";"None";"None";"2";"2";"Appartement";"76.0";"3.0";"None";"None";"None";"None";"nan";"4.828064";"45.762479";"000AH"
"2020-954902";"2020-10-02";"1";"Vente";"182500.0";"2";"None";"RUE DES TROIS MARIES";"7160";"69005";"69385";"Lyon 5e Arrondissement";"69";"None";"None";"69385000AH0050";"None";"None";"29";"33.42";"None";"nan";"None";"nan";"None";"None";"None";"None";"1";"2";"Appartement";"33.0";"1.0";"None";"None";"None";"None";"nan";"4.828173";"45.762973";"000AH"
"2020-954905";"2020-09-30";"1";"Vente";"193000.0";"2";"None";"PL NEUVE ST JEAN";"5015";"69005";"69385";"Lyon 5e Arrondissement";"69";"None";"None";"69385000AH0066";"None";"None";"3";"nan";"9";"30.02";"None";"nan";"None";"None";"None";"None";"2";"2";"Appartement";"37.0";"1.0";"None";"None";"None";"None";"nan";"4.827155";"45.762622";"000AH"
"2020-954535";"2020-09-11";"1";"Vente";"145000.0";"18";"None";"RUE DU BOEUF";"0950";"69005";"69385";"Lyon 5e Arrondissement";"69";"None";"None";"69385000AH0103";"None";"None";"12";"19.37";"None";"nan";"None";"nan";"None";"None";"None";"None";"1";"2";"Appartement";"19.0";"1.0";"None";"None";"None";"None";"nan";"4.826909";"45.76284";"000AH"
"2020-954280";"2020-08-24";"1";"Vente";"210000.0";"3";"None";"RUE DU BOEUF";"0950";"69005";"69385";"Lyon 5e Arrondissement";"69";"None";"None";"69385000AH0014";"None";"None";"105";"nan";"115";"45.14";"None";"nan";"None";"None";"None";"None";"2";"2";"Appartement";"45.0";"2.0";"None";"None";"None";"None";"nan";"4.827546";"45.763192";"000AH"
"2020-953830";"2020-07-31";"1";"Vente";"285000.0";"62";"None";"RUE SAINT JEAN";"6425";"69005";"69385";"Lyon 5e Arrondissement";"69";"None";"None";"69385000AH0083";"None";"None";"10";"nan";"5";"54.73";"None";"nan";"None";"None";"None";"None";"2";"2";"Appartement";"55.0";"1.0";"None";"None";"None";"None";"nan";"4.827209";"45.761838";"000AH"
"2020-953984";"2020-07-30";"1";"Vente";"256000.0";"18";"None";"RUE DU BOEUF";"0950";"69005";"69385";"Lyon 5e Arrondissement";"69";"None";"None";"69385000AH0103";"None";"None";"9";"50.04";"None";"nan";"None";"nan";"None";"None";"None";"None";"1";"2";"Appartement";"55.0";"2.0";"None";"None";"None";"None";"nan";"4.826909";"45.76284";"000AH"
"2020-953374";"2020-07-10";"1";"Vente";"298150.0";"18";"None";"RUE DU BOEUF";"0950";"69005";"69385";"Lyon 5e Arrondissement";"69";"None";"None";"69385000AH0103";"None";"None";"11";"52.12";"None";"nan";"None";"nan";"None";"None";"None";"None";"1";"2";"Appartement";"55.0";"2.0";"None";"None";"None";"None";"nan";"4.826909";"45.76284";"000AH"
"2020-952958";"2020-06-22";"1";"Vente";"10000.0";"38";"None";"RUE DU BOEUF";"0950";"69005";"69385";"Lyon 5e Arrondissement";"69";"None";"None";"69385000AH0092";"None";"None";"31";"nan";"None";"nan";"None";"nan";"None";"None";"None";"None";"1";"3";"Dépendance";"nan";"0.0";"None";"None";"None";"None";"nan";"4.826192";"45.76221";"000AH"
"2020-952315";"2020-05-26";"1";"Vente";"192000.0";"52";"None";"RUE SAINT JEAN";"6425";"69005";"69385";"Lyon 5e Arrondissement";"69";"None";"None";"69385000AH0078";"None";"None";"18";"nan";"9";"30.81";"None";"nan";"None";"None";"None";"None";"2";"2";"Appartement";"32.0";"1.0";"None";"None";"None";"None";"nan";"4.827159";"45.762219";"000AH"
"2020-951496";"2020-03-06";"1";"Vente";"125000.0";"2";"None";"PL NEUVE ST JEAN";"5015";"69005";"69385";"Lyon 5e Arrondissement";"69";"None";"None";"69385000AH0066";"None";"None";"7";"30.56";"None";"nan";"None";"nan";"None";"None";"None";"None";"1";"2";"Appartement";"30.0";"1.0";"None";"None";"None";"None";"nan";"4.827155";"45.762622";"000AH"
"2020-951562";"2020-02-20";"1";"Vente";"13800000.0";"4";"None";"PL DU PETIT COLLEGE";"5370";"69005";"69385";"Lyon 5e Arrondissement";"69";"None";"None";"69385000AH0009";"None";"None";"2";"nan";"3";"nan";"None";"nan";"None";"None";"None";"None";"2";"4";"Local industriel. commercial ou assimilé";"120.0";"0.0";"None";"None";"None";"None";"nan";"4.827241";"45.763535";"000AH"
"2020-951562";"2020-02-20";"1";"Vente";"13800000.0";"4";"None";"PL DU PETIT COLLEGE";"5370";"69005";"69385";"Lyon 5e Arrondissement";"69";"None";"None";"69385000AH0009";"None";"None";"1";"202.47";"None";"nan";"None";"nan";"None";"None";"None";"None";"1";"4";"Local industriel. commercial ou assimilé";"210.0";"0.0";"None";"None";"None";"None";"nan";"4.827241";"45.763535";"000AH"
"2020-951562";"2020-02-20";"1";"Vente";"13800000.0";"2";"None";"RUE DU BOEUF";"0950";"69005";"69385";"Lyon 5e Arrondissement";"69";"None";"None";"69385000AH0010";"None";"None";"None";"nan";"None";"nan";"None";"nan";"None";"None";"None";"None";"0";"4";"Local industriel. commercial ou assimilé";"3000.0";"0.0";"S";"sols";"None";"None";"236.0";"4.827223";"45.763491";"000AH"
"2020-951562";"2020-02-20";"1";"Vente";"13800000.0";"3";"None";"RUE DU BOEUF";"0950";"69005";"69385";"Lyon 5e Arrondissement";"69";"None";"None";"69385000AH0014";"None";"None";"106";"nan";"112";"59.8";"None";"nan";"None";"None";"None";"None";"2";"4";"Local industriel. commercial ou assimilé";"35.0";"0.0";"None";"None";"None";"None";"nan";"4.827546";"45.763192";"000AH"
"2020-951562";"2020-02-20";"1";"Vente";"13800000.0";"3";"None";"RUE DU BOEUF";"0950";"69005";"69385";"Lyon 5e Arrondissement";"69";"None";"None";"69385000AH0014";"None";"None";"103";"nan";"111";"25.7";"None";"nan";"None";"None";"None";"None";"2";"4";"Local industriel. commercial ou assimilé";"24.0";"0.0";"None";"None";"None";"None";"nan";"4.827546";"45.763192";"000AH"
"2020-951562";"2020-02-20";"1";"Vente";"13800000.0";"10";"None";"RUE DU BOEUF";"0950";"69005";"69385";"Lyon 5e Arrondissement";"69";"None";"None";"69385000AH0107";"None";"None";"1";"nan";"2";"71.9";"3";"121.85";"None";"None";"None";"None";"3";"4";"Local industriel. commercial ou assimilé";"230.0";"0.0";"None";"None";"None";"None";"nan";"4.826929";"45.76328";"000AH"
"2020-951562";"2020-02-20";"1";"Vente";"13800000.0";"4";"None";"RUE DU BOEUF";"0950";"69005";"69385";"Lyon 5e Arrondissement";"69";"None";"None";"69385000AH0011";"None";"None";"None";"nan";"None";"nan";"None";"nan";"None";"None";"None";"None";"0";"None";"None";"nan";"nan";"S";"sols";"None";"None";"105.0";"4.827364";"45.763398";"000AH"
"2020-951562";"2020-02-20";"1";"Vente";"13800000.0";"6";"None";"RUE DU BOEUF";"0950";"69005";"69385";"Lyon 5e Arrondissement";"69";"None";"None";"69385000AH0012";"None";"None";"None";"nan";"None";"nan";"None";"nan";"None";"None";"None";"None";"0";"None";"None";"nan";"nan";"S";"sols";"None";"None";"801.0";"4.827107";"45.763426";"000AH"
"2020-951562";"2020-02-20";"1";"Vente";"13800000.0";"8";"None";"RUE DU BOEUF";"0950";"69005";"69385";"Lyon 5e Arrondissement";"69";"None";"None";"69385000AH0013";"None";"None";"None";"nan";"None";"nan";"None";"nan";"None";"None";"None";"None";"0";"None";"None";"nan";"nan";"S";"sols";"None";"None";"337.0";"4.826993";"45.763348";"000AH"
"2020-950705";"2020-01-23";"1";"Vente";"70000.0";"19";"None";"RUE DES TROIS MARIES";"7160";"69005";"69385";"Lyon 5e Arrondissement";"69";"None";"None";"69385000AH0033";"None";"None";"1";"nan";"15";"27.23";"None";"nan";"None";"None";"None";"None";"2";"4";"Local industriel. commercial ou assimilé";"18.0";"0.0";"None";"None";"None";"None";"nan";"4.828572";"45.762465";"000AH"
"2020-950980";"2020-01-16";"1";"Vente";"210000.0";"10";"None";"RUE DU BOEUF";"0950";"69005";"69385";"Lyon 5e Arrondissement";"69";"None";"None";"69385000AH0107";"None";"None";"11";"47.02";"None";"nan";"None";"nan";"None";"None";"None";"None";"1";"2";"Appartement";"52.0";"2.0";"None";"None";"None";"None";"nan";"4.826929";"45.76328";"000AH"
"2020-950719";"2020-01-07";"1";"Vente";"630000.0";"19";"None";"QUAI ROMAIN ROLLAND";"6110";"69005";"69385";"Lyon 5e Arrondissement";"69";"None";"None";"69385000AH0031";"None";"None";"12";"143.12";"25";"nan";"None";"nan";"None";"None";"None";"None";"2";"2";"Appartement";"139.0";"3.0";"None";"None";"None";"None";"nan";"4.828567";"45.762654";"000AH"
"2019-1001762";"2019-12-20";"1";"Vente";"365000.0";"8";"None";"RUE DU PALAIS DE JUSTICE";"5180";"69005";"69385";"Lyon 5e Arrondissement";"69";"None";"None";"69385000AH0039";"None";"None";"17";"nan";"8";"56.04";"None";"nan";"None";"None";"None";"None";"2";"2";"Appartement";"56.0";"3.0";"None";"None";"None";"None";"nan";"4.827845";"45.762437";"000AH"
"2019-1001896";"2019-12-19";"1";"Vente";"291633.0";"10";"None";"RUE DE LA BOMBARDE";"0970";"69005";"69385";"Lyon 5e Arrondissement";"69";"None";"None";"69385000AH0088";"None";"None";"15";"48.21";"None";"nan";"None";"nan";"None";"None";"None";"None";"1";"2";"Appartement";"43.0";"2.0";"None";"None";"None";"None";"nan";"4.826646";"45.761964";"000AH"
"2019-1001896";"2019-12-19";"1";"Vente";"291633.0";"10";"None";"RUE DE LA BOMBARDE";"0970";"69005";"69385";"Lyon 5e Arrondissement";"69";"None";"None";"69385000AH0088";"None";"None";"27";"nan";"None";"nan";"None";"nan";"None";"None";"None";"None";"1";"2";"Appartement";"43.0";"2.0";"None";"None";"None";"None";"nan";"4.826646";"45.761964";"000AH"
"2019-1001267";"2019-12-06";"1";"Vente";"468200.0";"27";"None";"RUE SAINT JEAN";"6425";"69005";"69385";"Lyon 5e Arrondissement";"69";"None";"None";"69385000AH0045";"None";"None";"8";"76.09";"None";"nan";"None";"nan";"None";"None";"None";"None";"1";"2";"Appartement";"88.0";"3.0";"None";"None";"None";"None";"nan";"4.828053";"45.762709";"000AH"
"2019-1001166";"2019-11-25";"1";"Vente";"160000.0";"9";"None";"RUE DU BOEUF";"0950";"69005";"69385";"Lyon 5e Arrondissement";"69";"None";"None";"69385000AH0059";"None";"None";"114";"35.67";"None";"nan";"None";"nan";"None";"None";"None";"None";"1";"2";"Appartement";"38.0";"2.0";"None";"None";"None";"None";"nan";"4.827427";"45.762918";"000AH"
"2019-1000628";"2019-10-17";"1";"Vente";"174600.0";"2";"None";"PL NEUVE ST JEAN";"5015";"69005";"69385";"Lyon 5e Arrondissement";"69";"None";"None";"69385000AH0066";"None";"None";"2";"nan";"8";"29.08";"None";"nan";"None";"None";"None";"None";"2";"2";"Appartement";"35.0";"1.0";"None";"None";"None";"None";"nan";"4.827155";"45.762622";"000AH"
"2019-1000692";"2019-10-17";"1";"Vente";"104000.0";"3";"None";"RUE DES TROIS MARIES";"7160";"69005";"69385";"Lyon 5e Arrondissement";"69";"None";"None";"69385000AH0023";"None";"None";"1";"29.78";"None";"nan";"None";"nan";"None";"None";"None";"None";"1";"4";"Local industriel. commercial ou assimilé";"29.0";"0.0";"None";"None";"None";"None";"nan";"4.828528";"45.763117";"000AH"
"2019-1000228";"2019-10-16";"1";"Vente";"243500.0";"8";"None";"RUE DU PALAIS DE JUSTICE";"5180";"69005";"69385";"Lyon 5e Arrondissement";"69";"None";"None";"69385000AH0039";"None";"None";"13";"nan";"25";"nan";"5";"46.6";"None";"None";"None";"None";"3";"2";"Appartement";"51.0";"2.0";"None";"None";"None";"None";"nan";"4.827845";"45.762437";"000AH"
"2019-1000021";"2019-10-11";"1";"Vente";"833100.0";"14";"None";"RUE DU BOEUF";"0950";"69005";"69385";"Lyon 5e Arrondissement";"69";"None";"None";"69385000AH0105";"None";"None";"11";"121.17";"None";"nan";"None";"nan";"None";"None";"None";"None";"1";"2";"Appartement";"23.0";"1.0";"None";"None";"None";"None";"nan";"4.826806";"45.76315";"000AH"
"2019-1000021";"2019-10-11";"1";"Vente";"833100.0";"14";"None";"RUE DU BOEUF";"0950";"69005";"69385";"Lyon 5e Arrondissement";"69";"None";"None";"69385000AH0105";"None";"None";"12";"nan";"None";"nan";"None";"nan";"None";"None";"None";"None";"1";"2";"Appartement";"95.0";"4.0";"None";"None";"None";"None";"nan";"4.826806";"45.76315";"000AH"
"2019-1000021";"2019-10-11";"1";"Vente";"833100.0";"14";"None";"RUE DU BOEUF";"0950";"69005";"69385";"Lyon 5e Arrondissement";"69";"None";"None";"69385000AH0105";"None";"None";"20";"nan";"None";"nan";"None";"nan";"None";"None";"None";"None";"1";"3";"Dépendance";"nan";"0.0";"None";"None";"None";"None";"nan";"4.826806";"45.76315";"000AH"
"2019-999542";"2019-09-18";"1";"Vente";"623200.0";"24";"None";"RUE SAINT JEAN";"6425";"69005";"69385";"Lyon 5e Arrondissement";"69";"None";"None";"69385000AH0015";"None";"None";"24";"140.85";"8";"nan";"None";"nan";"None";"None";"None";"None";"2";"2";"Appartement";"141.0";"5.0";"None";"None";"None";"None";"nan";"4.827734";"45.763289";"000AH"
"2019-999209";"2019-09-03";"1";"Vente";"395700.0";"19";"None";"QUAI ROMAIN ROLLAND";"6110";"69005";"69385";"Lyon 5e Arrondissement";"69";"None";"None";"69385000AH0031";"None";"None";"20";"nan";"9";"97.09";"None";"nan";"None";"None";"None";"None";"2";"2";"Appartement";"98.0";"2.0";"None";"None";"None";"None";"nan";"4.828567";"45.762654";"000AH"
"2019-999298";"2019-09-03";"1";"Vente";"262300.0";"31";"None";"RUE SAINT JEAN";"6425";"69005";"69385";"Lyon 5e Arrondissement";"69";"None";"None";"69385000AH0042";"None";"None";"14";"41.05";"None";"nan";"None";"nan";"None";"None";"None";"None";"1";"2";"Appartement";"37.0";"1.0";"None";"None";"None";"None";"nan";"4.82789";"45.762595";"000AH"
"2019-999300";"2019-09-03";"1";"Vente";"232705.0";"31";"None";"RUE SAINT JEAN";"6425";"69005";"69385";"Lyon 5e Arrondissement";"69";"None";"None";"69385000AH0042";"None";"None";"15";"33.09";"None";"nan";"None";"nan";"None";"None";"None";"None";"1";"2";"Appartement";"31.0";"1.0";"None";"None";"None";"None";"nan";"4.82789";"45.762595";"000AH"
"2019-999362";"2019-08-28";"1";"Vente";"461550.0";"10";"None";"RUE DU BOEUF";"0950";"69005";"69385";"Lyon 5e Arrondissement";"69";"None";"None";"69385000AH0107";"None";"None";"17";"102.38";"None";"nan";"None";"nan";"None";"None";"None";"None";"1";"2";"Appartement";"97.0";"5.0";"None";"None";"None";"None";"nan";"4.826929";"45.76328";"000AH"
"2019-999120";"2019-08-08";"1";"Vente";"986100.0";"4";"None";"PL NEUVE ST JEAN";"5015";"69005";"69385";"Lyon 5e Arrondissement";"69";"None";"None";"69385000AH0064";"None";"None";"6";"nan";"8";"nan";"None";"nan";"None";"None";"None";"None";"2";"2";"Appartement";"201.0";"6.0";"None";"None";"None";"None";"nan";"4.827305";"45.762806";"000AH"
"2019-999036";"2019-07-29";"1";"Vente";"268000.0";"24";"None";"RUE SAINT JEAN";"6425";"69005";"69385";"Lyon 5e Arrondissement";"69";"None";"None";"69385000AH0015";"None";"None";"20";"60.65";"4";"nan";"None";"nan";"None";"None";"None";"None";"2";"2";"Appartement";"62.0";"2.0";"None";"None";"None";"None";"nan";"4.827734";"45.763289";"000AH"
"2019-998984";"2019-07-26";"1";"Vente";"344000.0";"9";"None";"RUE DU BOEUF";"0950";"69005";"69385";"Lyon 5e Arrondissement";"69";"None";"None";"69385000AH0059";"None";"None";"104";"nan";"121";"68.65";"None";"nan";"None";"None";"None";"None";"2";"2";"Appartement";"86.0";"3.0";"None";"None";"None";"None";"nan";"4.827427";"45.762918";"000AH"
"2019-998555";"2019-07-23";"1";"Vente";"400000.0";"30";"None";"RUE DU BOEUF";"0950";"69005";"69385";"Lyon 5e Arrondissement";"69";"None";"None";"69385000AH0096";"None";"None";"1";"nan";"2";"nan";"3";"nan";"5";"None";"None";"None";"4";"4";"Local industriel. commercial ou assimilé";"199.0";"0.0";"None";"None";"None";"None";"nan";"4.826465";"45.762616";"000AH"
"2019-998248";"2019-07-15";"1";"Vente";"307000.0";"11";"None";"RUE DES TROIS MARIES";"7160";"69005";"69385";"Lyon 5e Arrondissement";"69";"None";"None";"69385000AH0029";"None";"None";"22";"67.55";"None";"nan";"None";"nan";"None";"None";"None";"None";"1";"2";"Appartement";"68.0";"3.0";"None";"None";"None";"None";"nan";"4.828569";"45.762816";"000AH"
"2019-998129";"2019-07-10";"1";"Vente";"3500000.0";"27";"None";"MTE SAINT BARTHELEMY";"6255";"69005";"69385";"Lyon 5e Arrondissement";"69";"None";"None";"69385000AH0114";"None";"None";"None";"nan";"None";"nan";"None";"nan";"None";"None";"None";"None";"0";"2";"Appartement";"116.0";"3.0";"S";"sols";"None";"None";"593.0";"4.825578";"45.76276";"000AH"
"2019-998129";"2019-07-10";"1";"Vente";"3500000.0";"27";"None";"MTE SAINT BARTHELEMY";"6255";"69005";"69385";"Lyon 5e Arrondissement";"69";"None";"None";"69385000AH0114";"None";"None";"None";"nan";"None";"nan";"None";"nan";"None";"None";"None";"None";"0";"2";"Appartement";"146.0";"5.0";"S";"sols";"None";"None";"593.0";"4.825578";"45.76276";"000AH"
"2019-998129";"2019-07-10";"1";"Vente";"3500000.0";"27";"None";"MTE SAINT BARTHELEMY";"6255";"69005";"69385";"Lyon 5e Arrondissement";"69";"None";"None";"69385000AH0114";"None";"None";"None";"nan";"None";"nan";"None";"nan";"None";"None";"None";"None";"0";"2";"Appartement";"114.0";"4.0";"S";"sols";"None";"None";"593.0";"4.825578";"45.76276";"000AH"
"2019-998129";"2019-07-10";"1";"Vente";"3500000.0";"27";"None";"MTE SAINT BARTHELEMY";"6255";"69005";"69385";"Lyon 5e Arrondissement";"69";"None";"None";"69385000AH0114";"None";"None";"None";"nan";"None";"nan";"None";"nan";"None";"None";"None";"None";"0";"2";"Appartement";"110.0";"4.0";"S";"sols";"None";"None";"593.0";"4.825578";"45.76276";"000AH"
"2019-998129";"2019-07-10";"1";"Vente";"3500000.0";"27";"None";"MTE SAINT BARTHELEMY";"6255";"69005";"69385";"Lyon 5e Arrondissement";"69";"None";"None";"69385000AH0114";"None";"None";"None";"nan";"None";"nan";"None";"nan";"None";"None";"None";"None";"0";"2";"Appartement";"145.0";"4.0";"S";"sols";"None";"None";"593.0";"4.825578";"45.76276";"000AH"
"2019-998155";"2019-07-10";"1";"Vente";"789000.0";"34";"None";"RUE SAINT JEAN";"6425";"69005";"69385";"Lyon 5e Arrondissement";"69";"None";"None";"69385000AH0057";"None";"None";"127";"144.22";"None";"nan";"None";"nan";"None";"None";"None";"None";"1";"2";"Appartement";"110.0";"4.0";"None";"None";"None";"None";"nan";"4.827546";"45.762886";"000AH"
"2019-998155";"2019-07-10";"1";"Vente";"789000.0";"34";"None";"RUE SAINT JEAN";"6425";"69005";"69385";"Lyon 5e Arrondissement";"69";"None";"None";"69385000AH0057";"None";"None";"128";"nan";"None";"nan";"None";"nan";"None";"None";"None";"None";"1";"2";"Appartement";"31.0";"1.0";"None";"None";"None";"None";"nan";"4.827546";"45.762886";"000AH"
"2019-998129";"2019-07-10";"1";"Vente";"3500000.0";"27";"None";"MTE SAINT BARTHELEMY";"6255";"69005";"69385";"Lyon 5e Arrondissement";"69";"None";"None";"69385000AH0114";"None";"None";"None";"nan";"None";"nan";"None";"nan";"None";"None";"None";"None";"0";"3";"Dépendance";"nan";"0.0";"S";"sols";"None";"None";"593.0";"4.825578";"45.76276";"000AH"
"2019-998129";"2019-07-10";"1";"Vente";"3500000.0";"27";"None";"MTE SAINT BARTHELEMY";"6255";"69005";"69385";"Lyon 5e Arrondissement";"69";"None";"None";"69385000AH0114";"None";"None";"None";"nan";"None";"nan";"None";"nan";"None";"None";"None";"None";"0";"4";"Local industriel. commercial ou assimilé";"261.0";"0.0";"S";"sols";"None";"None";"593.0";"4.825578";"45.76276";"000AH"
"2019-998009";"2019-07-01";"1";"Vente";"400000.0";"30";"None";"RUE DU BOEUF";"0950";"69005";"69385";"Lyon 5e Arrondissement";"69";"None";"None";"69385000AH0096";"None";"None";"6";"nan";"None";"nan";"None";"nan";"None";"None";"None";"None";"1";"2";"Appartement";"77.0";"3.0";"None";"None";"None";"None";"nan";"4.826465";"45.762616";"000AH"
"2019-997531";"2019-06-17";"1";"Vente";"495300.0";"8";"None";"RUE DES TROIS MARIES";"7160";"69005";"69385";"Lyon 5e Arrondissement";"69";"None";"None";"69385000AH0043";"None";"None";"9";"103.01";"None";"nan";"None";"nan";"None";"None";"None";"None";"1";"2";"Appartement";"100.0";"3.0";"None";"None";"None";"None";"nan";"4.828117";"45.762594";"000AH"
"2019-997632";"2019-06-06";"1";"Vente";"430000.0";"20";"None";"QUAI ROMAIN ROLLAND";"6110";"69005";"69385";"Lyon 5e Arrondissement";"69";"None";"None";"69385000AH0032";"None";"None";"11";"91.66";"None";"nan";"None";"nan";"None";"None";"None";"None";"1";"2";"Appartement";"93.0";"3.0";"None";"None";"None";"None";"nan";"4.828611";"45.762547";"000AH"
"2019-997100";"2019-05-24";"1";"Vente";"281005.0";"10";"None";"RUE DE LA BOMBARDE";"0970";"69005";"69385";"Lyon 5e Arrondissement";"69";"None";"None";"69385000AH0088";"None";"None";"17";"41.5";"None";"nan";"None";"nan";"None";"None";"None";"None";"1";"2";"Appartement";"45.0";"2.0";"None";"None";"None";"None";"nan";"4.826646";"45.761964";"000AH"
"2019-996978";"2019-05-24";"1";"Vente";"53000.0";"34";"None";"RUE DU BOEUF";"0950";"69005";"69385";"Lyon 5e Arrondissement";"69";"None";"None";"69385000AH0094";"None";"None";"39";"nan";"None";"nan";"None";"nan";"None";"None";"None";"None";"1";"4";"Local industriel. commercial ou assimilé";"11.0";"0.0";"None";"None";"None";"None";"nan";"4.826151";"45.762451";"000AH"
"2019-996787";"2019-05-03";"1";"Vente";"380000.0";"18";"None";"QUAI ROMAIN ROLLAND";"6110";"69005";"69385";"Lyon 5e Arrondissement";"69";"None";"None";"69385000AH0120";"None";"None";"11";"nan";"None";"nan";"None";"nan";"None";"None";"None";"None";"1";"2";"Appartement";"80.0";"3.0";"None";"None";"None";"None";"nan";"4.828684";"45.762698";"000AH"
"2019-996894";"2019-04-26";"1";"Vente";"143000.0";"33";"None";"RUE SAINT JEAN";"6425";"69005";"69385";"Lyon 5e Arrondissement";"69";"None";"None";"69385000AH0040";"None";"None";"3";"27.04";"None";"nan";"None";"nan";"None";"None";"None";"None";"1";"4";"Local industriel. commercial ou assimilé";"25.0";"0.0";"None";"None";"None";"None";"nan";"4.827841";"45.762507";"000AH"
"2019-996013";"2019-03-28";"1";"Vente";"841605.0";"34";"None";"RUE DU BOEUF";"0950";"69005";"69385";"Lyon 5e Arrondissement";"69";"None";"None";"69385000AH0094";"None";"None";"2";"118.51";"20";"nan";"58";"nan";"None";"None";"None";"None";"3";"2";"Appartement";"124.0";"4.0";"None";"None";"None";"None";"nan";"4.826151";"45.762451";"000AH"
"2019-995708";"2019-02-22";"1";"Vente";"245000.0";"8";"None";"RUE DU PALAIS DE JUSTICE";"5180";"69005";"69385";"Lyon 5e Arrondissement";"69";"None";"None";"69385000AH0039";"None";"None";"15";"nan";"3";"nan";"None";"nan";"None";"None";"None";"None";"2";"2";"Appartement";"51.0";"2.0";"None";"None";"None";"None";"nan";"4.827845";"45.762437";"000AH"
"2019-994636";"2019-01-11";"1";"Vente";"328500.0";"9";"None";"RUE DU BOEUF";"0950";"69005";"69385";"Lyon 5e Arrondissement";"69";"None";"None";"69385000AH0059";"None";"None";"115";"66.26";"None";"nan";"None";"nan";"None";"None";"None";"None";"1";"2";"Appartement";"64.0";"3.0";"None";"None";"None";"None";"nan";"4.827427";"45.762918";"000AH"
"2018-928441";"2018-12-28";"1";"Vente";"315000.0";"29";"None";"RUE SAINT JEAN";"6425";"69005";"69385";"Lyon 5e Arrondissement";"69";"None";"None";"69385000AH0044";"None";"None";"30";"84.93";"34";"nan";"None";"nan";"None";"None";"None";"None";"2";"2";"Appartement";"86.0";"4.0";"None";"None";"None";"None";"nan";"4.827912";"45.762656";"000AH"
"2018-928444";"2018-12-28";"1";"Vente";"1485000.0";"29";"None";"RUE SAINT JEAN";"6425";"69005";"69385";"Lyon 5e Arrondissement";"69";"None";"None";"69385000AH0044";"None";"None";"36";"81.77";"None";"nan";"None";"nan";"None";"None";"None";"None";"1";"2";"Appartement";"83.0";"4.0";"None";"None";"None";"None";"nan";"4.827912";"45.762656";"000AH"
"2018-928444";"2018-12-28";"1";"Vente";"1485000.0";"29";"None";"RUE SAINT JEAN";"6425";"69005";"69385";"Lyon 5e Arrondissement";"69";"None";"None";"69385000AH0044";"None";"None";"31";"7.11";"33";"7.78";"35";"7.11";"None";"None";"None";"None";"3";"2";"Appartement";"27.0";"2.0";"None";"None";"None";"None";"nan";"4.827912";"45.762656";"000AH"
"2018-928444";"2018-12-28";"1";"Vente";"1485000.0";"29";"None";"RUE SAINT JEAN";"6425";"69005";"69385";"Lyon 5e Arrondissement";"69";"None";"None";"69385000AH0044";"None";"None";"38";"21.29";"None";"nan";"None";"nan";"None";"None";"None";"None";"1";"2";"Appartement";"23.0";"1.0";"None";"None";"None";"None";"nan";"4.827912";"45.762656";"000AH"
"2018-928444";"2018-12-28";"1";"Vente";"1485000.0";"29";"None";"RUE SAINT JEAN";"6425";"69005";"69385";"Lyon 5e Arrondissement";"69";"None";"None";"69385000AH0044";"None";"None";"39";"19.24";"None";"nan";"None";"nan";"None";"None";"None";"None";"1";"2";"Appartement";"20.0";"1.0";"None";"None";"None";"None";"nan";"4.827912";"45.762656";"000AH"
"2018-928444";"2018-12-28";"1";"Vente";"1485000.0";"29";"None";"RUE SAINT JEAN";"6425";"69005";"69385";"Lyon 5e Arrondissement";"69";"None";"None";"69385000AH0044";"None";"None";"37";"83.18";"None";"nan";"None";"nan";"None";"None";"None";"None";"1";"2";"Appartement";"84.0";"3.0";"None";"None";"None";"None";"nan";"4.827912";"45.762656";"000AH"
"2018-928444";"2018-12-28";"1";"Vente";"1485000.0";"29";"None";"RUE SAINT JEAN";"6425";"69005";"69385";"Lyon 5e Arrondissement";"69";"None";"None";"69385000AH0044";"None";"None";"27";"nan";"None";"nan";"None";"nan";"None";"None";"None";"None";"1";"3";"Dépendance";"nan";"0.0";"None";"None";"None";"None";"nan";"4.827912";"45.762656";"000AH"
"2018-928444";"2018-12-28";"1";"Vente";"1485000.0";"29";"None";"RUE SAINT JEAN";"6425";"69005";"69385";"Lyon 5e Arrondissement";"69";"None";"None";"69385000AH0044";"None";"None";"32";"81.77";"None";"nan";"None";"nan";"None";"None";"None";"None";"1";"4";"Local industriel. commercial ou assimilé";"90.0";"0.0";"None";"None";"None";"None";"nan";"4.827912";"45.762656";"000AH"
"2018-928444";"2018-12-28";"1";"Vente";"1485000.0";"29";"None";"RUE SAINT JEAN";"6425";"69005";"69385";"Lyon 5e Arrondissement";"69";"None";"None";"69385000AH0044";"None";"None";"28";"7.96";"None";"nan";"None";"nan";"None";"None";"None";"None";"1";"4";"Local industriel. commercial ou assimilé";"32.0";"0.0";"None";"None";"None";"None";"nan";"4.827912";"45.762656";"000AH"
"2018-928444";"2018-12-28";"1";"Vente";"1485000.0";"29";"None";"RUE SAINT JEAN";"6425";"69005";"69385";"Lyon 5e Arrondissement";"69";"None";"None";"69385000AH0044";"None";"None";"29";"7.78";"None";"nan";"None";"nan";"None";"None";"None";"None";"1";"4";"Local industriel. commercial ou assimilé";"39.0";"0.0";"None";"None";"None";"None";"nan";"4.827912";"45.762656";"000AH"
"2018-927950";"2018-11-23";"1";"Vente";"140600.0";"19";"None";"RUE SAINT JEAN";"6425";"69005";"69385";"Lyon 5e Arrondissement";"69";"None";"None";"69385000AH0050";"None";"None";"14";"22.0";"None";"nan";"None";"nan";"None";"None";"None";"None";"1";"2";"Appartement";"23.0";"1.0";"None";"None";"None";"None";"nan";"4.828173";"45.762973";"000AH"
"2018-927354";"2018-11-13";"1";"Vente";"190000.0";"7";"None";"MTE DU GARILLAN";"3035";"69005";"69385";"Lyon 5e Arrondissement";"69";"None";"None";"69385000AH0004";"None";"None";"11";"44.79";"3";"nan";"None";"nan";"None";"None";"None";"None";"2";"2";"Appartement";"49.0";"2.0";"None";"None";"None";"None";"nan";"4.82653";"45.763547";"000AH"
"2018-927586";"2018-10-30";"1";"Vente";"487800.0";"5";"None";"PL DE LA BALEINE";"0600";"69005";"69385";"Lyon 5e Arrondissement";"69";"None";"None";"69385000AH0019";"None";"None";"11";"85.17";"32";"nan";"39";"nan";"42";"None";"43";"None";"5";"2";"Appartement";"90.0";"3.0";"None";"None";"None";"None";"nan";"4.828289";"45.763104";"000AH"
"2018-927117";"2018-10-23";"1";"Vente";"292700.0";"1";"None";"PL NEUVE ST JEAN";"5015";"69005";"69385";"Lyon 5e Arrondissement";"69";"None";"None";"69385000AH0068";"None";"None";"13";"78.13";"None";"nan";"None";"nan";"None";"None";"None";"None";"1";"2";"Appartement";"79.0";"3.0";"None";"None";"None";"None";"nan";"4.827425";"45.762508";"000AH"
"2018-925204";"2018-07-16";"1";"Vente";"632200.0";"21";"None";"QUAI ROMAIN ROLLAND";"6110";"69005";"69385";"Lyon 5e Arrondissement";"69";"None";"None";"69385000AH0033";"None";"None";"23";"126.49";"26";"nan";"None";"nan";"None";"None";"None";"None";"2";"2";"Appartement";"118.0";"4.0";"None";"None";"None";"None";"nan";"4.828572";"45.762465";"000AH"
"2018-925188";"2018-07-13";"1";"Vente";"403910.0";"16";"None";"RUE DU BOEUF";"0950";"69005";"69385";"Lyon 5e Arrondissement";"69";"None";"None";"69385000AH0104";"None";"None";"23";"76.31";"None";"nan";"None";"nan";"None";"None";"None";"None";"1";"2";"Appartement";"80.0";"2.0";"None";"None";"None";"None";"nan";"4.826719";"45.763014";"000AH"
"2018-925508";"2018-07-09";"1";"Vente";"170000.0";"10";"None";"RUE DE LA BOMBARDE";"0970";"69005";"69385";"Lyon 5e Arrondissement";"69";"None";"None";"69385000AH0088";"None";"None";"24";"nan";"7";"41.3";"None";"nan";"None";"None";"None";"None";"2";"4";"Local industriel. commercial ou assimilé";"41.0";"0.0";"None";"None";"None";"None";"nan";"4.826646";"45.761964";"000AH"
"2018-925508";"2018-07-09";"1";"Vente";"170000.0";"10";"None";"RUE DE LA BOMBARDE";"0970";"69005";"69385";"Lyon 5e Arrondissement";"69";"None";"None";"69385000AH0088";"None";"None";"23";"nan";"6";"60.0";"None";"nan";"None";"None";"None";"None";"2";"4";"Local industriel. commercial ou assimilé";"48.0";"0.0";"None";"None";"None";"None";"nan";"4.826646";"45.761964";"000AH"
"2018-924123";"2018-05-25";"1";"Vente";"375000.0";"29";"None";"RUE DU BOEUF";"0950";"69005";"69385";"Lyon 5e Arrondissement";"69";"None";"None";"69385000AH0090";"None";"None";"22";"nan";"23";"nan";"24";"nan";"33";"None";"38";"None";"5";"2";"Appartement";"100.0";"3.0";"None";"None";"None";"None";"nan";"4.826669";"45.762131";"000AH"
"2018-923745";"2018-05-17";"1";"Vente";"146218.47";"1";"None";"RUE DE LA BALEINE";"0595";"69005";"69385";"Lyon 5e Arrondissement";"69";"None";"None";"69385000AH0021";"None";"None";"4";"62.09";"None";"nan";"None";"nan";"None";"None";"None";"None";"1";"2";"Appartement";"69.0";"3.0";"None";"None";"None";"None";"nan";"4.828839";"45.763263";"000AH"
"2018-923651";"2018-04-25";"1";"Vente";"163000.0";"11";"None";"RUE DU BOEUF";"0950";"69005";"69385";"Lyon 5e Arrondissement";"69";"None";"None";"69385000AH0060";"None";"None";"5";"42.0";"None";"nan";"None";"nan";"None";"None";"None";"None";"1";"2";"Appartement";"42.0";"1.0";"None";"None";"None";"None";"nan";"4.827313";"45.762865";"000AH"
"2018-923786";"2018-04-23";"1";"Vente";"91500.0";"13";"None";"RUE DU BOEUF";"0950";"69005";"69385";"Lyon 5e Arrondissement";"69";"None";"None";"69385000AH0067";"None";"None";"11";"nan";"15";"19.0";"None";"nan";"None";"None";"None";"None";"2";"2";"Appartement";"22.0";"2.0";"None";"None";"None";"None";"nan";"4.827111";"45.762598";"000AH"
"2018-923371";"2018-04-04";"1";"Vente";"180200.0";"13";"None";"RUE DU BOEUF";"0950";"69005";"69385";"Lyon 5e Arrondissement";"69";"None";"None";"69385000AH0067";"None";"None";"3";"nan";"7";"36.49";"None";"nan";"None";"None";"None";"None";"2";"2";"Appartement";"40.0";"2.0";"None";"None";"None";"None";"nan";"4.827111";"45.762598";"000AH"
"2018-922668";"2018-03-02";"1";"Vente";"180330.0";"19";"None";"RUE SAINT JEAN";"6425";"69005";"69385";"Lyon 5e Arrondissement";"69";"None";"None";"69385000AH0050";"None";"None";"15";"34.55";"None";"nan";"None";"nan";"None";"None";"None";"None";"1";"2";"Appartement";"36.0";"1.0";"None";"None";"None";"None";"nan";"4.828173";"45.762973";"000AH"
"2018-922265";"2018-02-23";"1";"Vente";"338800.0";"9";"None";"RUE DU BOEUF";"0950";"69005";"69385";"Lyon 5e Arrondissement";"69";"None";"None";"69385000AH0059";"None";"None";"106";"nan";"122";"78.87";"None";"nan";"None";"None";"None";"None";"2";"2";"Appartement";"70.0";"3.0";"None";"None";"None";"None";"nan";"4.827427";"45.762918";"000AH"
"2018-922721";"2018-02-23";"1";"Vente";"750000.0";"20";"None";"QUAI ROMAIN ROLLAND";"6110";"69005";"69385";"Lyon 5e Arrondissement";"69";"None";"None";"69385000AH0032";"None";"None";"5";"185.99";"None";"nan";"None";"nan";"None";"None";"None";"None";"1";"2";"Appartement";"180.0";"5.0";"None";"None";"None";"None";"nan";"4.828611";"45.762547";"000AH"
"2018-922258";"2018-02-21";"1";"Vente";"375000.0";"34";"None";"RUE SAINT JEAN";"6425";"69005";"69385";"Lyon 5e Arrondissement";"69";"None";"None";"69385000AH0057";"None";"None";"111";"82.0";"None";"nan";"None";"nan";"None";"None";"None";"None";"1";"2";"Appartement";"83.0";"2.0";"None";"None";"None";"None";"nan";"4.827546";"45.762886";"000AH"
"2018-922077";"2018-02-06";"1";"Vente";"106980.0";"15";"None";"QUAI ROMAIN ROLLAND";"6110";"69005";"69385";"Lyon 5e Arrondissement";"69";"None";"None";"69385000AH0124";"None";"None";"22";"nan";"None";"nan";"None";"nan";"None";"None";"None";"None";"1";"3";"Dépendance";"nan";"0.0";"None";"None";"None";"None";"nan";"4.828762";"45.763084";"000AH"
"2018-922283";"2018-02-05";"1";"Vente";"504150.0";"34";"None";"RUE SAINT JEAN";"6425";"69005";"69385";"Lyon 5e Arrondissement";"69";"None";"None";"69385000AH0057";"None";"None";"120";"nan";"121";"nan";"None";"nan";"None";"None";"None";"None";"2";"2";"Appartement";"92.0";"3.0";"None";"None";"None";"None";"nan";"4.827546";"45.762886";"000AH"
"2018-922283";"2018-02-05";"1";"Vente";"504150.0";"34";"None";"RUE SAINT JEAN";"6425";"69005";"69385";"Lyon 5e Arrondissement";"69";"None";"None";"69385000AH0057";"None";"None";"119";"110.61";"None";"nan";"None";"nan";"None";"None";"None";"None";"1";"3";"Dépendance";"nan";"0.0";"None";"None";"None";"None";"nan";"4.827546";"45.762886";"000AH"
"2018-922005";"2018-01-15";"1";"Vente";"8000.0";"31";"None";"RUE DU BOEUF";"0950";"69005";"69385";"Lyon 5e Arrondissement";"69";"None";"None";"69385000AH0091";"None";"None";"123";"nan";"None";"nan";"None";"nan";"None";"None";"None";"None";"1";"2";"Appartement";"44.0";"2.0";"None";"None";"None";"None";"nan";"4.826369";"45.761998";"000AH"
"2018-921667";"2018-01-10";"1";"Vente";"103000.0";"18";"None";"RUE DU BOEUF";"0950";"69005";"69385";"Lyon 5e Arrondissement";"69";"None";"None";"69385000AH0103";"None";"None";"12";"19.37";"None";"nan";"None";"nan";"None";"None";"None";"None";"1";"2";"Appartement";"19.0";"1.0";"None";"None";"None";"None";"nan";"4.826909";"45.76284";"000AH"
"2018-921662";"2018-01-08";"1";"Vente";"565000.0";"46";"None";"RUE SAINT JEAN";"6425";"69005";"69385";"Lyon 5e Arrondissement";"69";"None";"None";"69385000AH0072";"None";"None";"18";"118.0";"28";"nan";"29";"nan";"None";"None";"None";"None";"3";"2";"Appartement";"119.0";"3.0";"None";"None";"None";"None";"nan";"4.827212";"45.762349";"000AH"
"2017-488336";"2017-12-22";"1";"Vente";"151000.0";"11";"None";"RUE DES TROIS MARIES";"7160";"69005";"69385";"Lyon 5e Arrondissement";"69";"None";"None";"69385000AH0029";"None";"None";"8";"28.04";"None";"nan";"None";"nan";"None";"None";"None";"None";"1";"2";"Appartement";"30.0";"1.0";"None";"None";"None";"None";"nan";"4.828569";"45.762816";"000AH"
"2017-488656";"2017-12-20";"1";"Vente";"200000.0";"13";"None";"RUE DU BOEUF";"0950";"69005";"69385";"Lyon 5e Arrondissement";"69";"None";"None";"69385000AH0067";"None";"None";"10";"39.14";"5";"nan";"None";"nan";"None";"None";"None";"None";"2";"2";"Appartement";"38.0";"2.0";"None";"None";"None";"None";"nan";"4.827111";"45.762598";"000AH"
"2017-488724";"2017-12-20";"1";"Vente";"154630.0";"2";"None";"RUE DES TROIS MARIES";"7160";"69005";"69385";"Lyon 5e Arrondissement";"69";"None";"None";"69385000AH0050";"None";"None";"23";"nan";"None";"nan";"None";"nan";"None";"None";"None";"None";"1";"2";"Appartement";"34.0";"1.0";"None";"None";"None";"None";"nan";"4.828173";"45.762973";"000AH"
"2017-488496";"2017-12-18";"1";"Vente";"167950.0";"29";"None";"RUE DU BOEUF";"0950";"69005";"69385";"Lyon 5e Arrondissement";"69";"None";"None";"69385000AH0090";"None";"None";"36";"nan";"49";"36.34";"None";"nan";"None";"None";"None";"None";"2";"2";"Appartement";"40.0";"1.0";"None";"None";"None";"None";"nan";"4.826669";"45.762131";"000AH"
"2017-488380";"2017-12-15";"1";"Vente";"166000.0";"5";"None";"RUE DES TROIS MARIES";"7160";"69005";"69385";"Lyon 5e Arrondissement";"69";"None";"None";"69385000AH0126";"None";"None";"15";"nan";"None";"nan";"None";"nan";"None";"None";"None";"None";"1";"2";"Appartement";"43.0";"2.0";"None";"None";"None";"None";"nan";"4.828628";"45.763099";"000AH"
"2017-488025";"2017-12-14";"1";"Vente";"285000.0";"29";"None";"RUE DU BOEUF";"0950";"69005";"69385";"Lyon 5e Arrondissement";"69";"None";"None";"69385000AH0090";"None";"None";"20";"64.51";"25";"nan";"26";"nan";"None";"None";"None";"None";"3";"2";"Appartement";"71.0";"3.0";"None";"None";"None";"None";"nan";"4.826669";"45.762131";"000AH"
"2017-488275";"2017-12-14";"1";"Vente";"33000.0";"14";"None";"RUE DU BOEUF";"0950";"69005";"69385";"Lyon 5e Arrondissement";"69";"None";"None";"69385000AH0105";"None";"None";"18";"nan";"None";"nan";"None";"nan";"None";"None";"None";"None";"1";"3";"Dépendance";"nan";"0.0";"None";"None";"None";"None";"nan";"4.826806";"45.76315";"000AH"
"2017-488391";"2017-12-12";"1";"Vente";"280000.0";"14";"None";"QUAI ROMAIN ROLLAND";"6110";"69005";"69385";"Lyon 5e Arrondissement";"69";"None";"None";"69385000AH0022";"None";"None";"1";"56.99";"None";"nan";"None";"nan";"None";"None";"None";"None";"1";"4";"Local industriel. commercial ou assimilé";"55.0";"0.0";"None";"None";"None";"None";"nan";"4.828685";"45.763171";"000AH"
"2017-488200";"2017-12-08";"1";"Vente";"230000.0";"9";"None";"RUE DU BOEUF";"0950";"69005";"69385";"Lyon 5e Arrondissement";"69";"None";"None";"69385000AH0059";"None";"None";"118";"43.19";"None";"nan";"None";"nan";"None";"None";"None";"None";"1";"2";"Appartement";"45.0";"2.0";"None";"None";"None";"None";"nan";"4.827427";"45.762918";"000AH"
"2017-487775";"2017-11-30";"1";"Vente";"190000.0";"9";"None";"RUE DU BOEUF";"0950";"69005";"69385";"Lyon 5e Arrondissement";"69";"None";"None";"69385000AH0059";"None";"None";"101";"nan";"107";"nan";"117";"nan";"None";"None";"None";"None";"3";"2";"Appartement";"70.0";"3.0";"None";"None";"None";"None";"nan";"4.827427";"45.762918";"000AH"
"2017-487819";"2017-11-29";"1";"Vente";"200.0";"14";"None";"RUE DU BOEUF";"0950";"69005";"69385";"Lyon 5e Arrondissement";"69";"None";"None";"69385000AH0105";"None";"None";"20";"nan";"21";"nan";"None";"nan";"None";"None";"None";"None";"2";"4";"Local industriel. commercial ou assimilé";"38.0";"0.0";"None";"None";"None";"None";"nan";"4.826806";"45.76315";"000AH"
"2017-487820";"2017-11-29";"1";"Vente";"100.0";"14";"None";"RUE DU BOEUF";"0950";"69005";"69385";"Lyon 5e Arrondissement";"69";"None";"None";"69385000AH0105";"None";"None";"22";"nan";"None";"nan";"None";"nan";"None";"None";"None";"None";"1";"4";"Local industriel. commercial ou assimilé";"38.0";"0.0";"None";"None";"None";"None";"nan";"4.826806";"45.76315";"000AH"
"2017-487820";"2017-11-29";"1";"Vente";"100.0";"14";"None";"RUE DU BOEUF";"0950";"69005";"69385";"Lyon 5e Arrondissement";"69";"None";"None";"69385000AH0105";"None";"None";"19";"nan";"None";"nan";"None";"nan";"None";"None";"None";"None";"1";"4";"Local industriel. commercial ou assimilé";"38.0";"0.0";"None";"None";"None";"None";"nan";"4.826806";"45.76315";"000AH"
"2017-486700";"2017-09-29";"1";"Vente";"459300.0";"19";"None";"RUE DU BOEUF";"0950";"69005";"69385";"Lyon 5e Arrondissement";"69";"None";"None";"69385000AH0075";"None";"None";"109";"nan";"117";"104.9";"None";"nan";"None";"None";"None";"None";"2";"2";"Appartement";"106.0";"4.0";"None";"None";"None";"None";"nan";"4.826932";"45.762404";"000AH"
"2017-486635";"2017-09-18";"1";"Vente";"471100.0";"30";"None";"RUE DU BOEUF";"0950";"69005";"69385";"Lyon 5e Arrondissement";"69";"None";"None";"69385000AH0096";"None";"None";"9";"nan";"None";"nan";"None";"nan";"None";"None";"None";"None";"1";"2";"Appartement";"38.0";"1.0";"None";"None";"None";"None";"nan";"4.826465";"45.762616";"000AH"
"2017-486635";"2017-09-18";"1";"Vente";"471100.0";"30";"None";"RUE DU BOEUF";"0950";"69005";"69385";"Lyon 5e Arrondissement";"69";"None";"None";"69385000AH0096";"None";"None";"10";"nan";"8";"nan";"None";"nan";"None";"None";"None";"None";"2";"2";"Appartement";"71.0";"3.0";"None";"None";"None";"None";"nan";"4.826465";"45.762616";"000AH"
"2017-486161";"2017-09-01";"1";"Vente";"233200.0";"11";"None";"RUE DES TROIS MARIES";"7160";"69005";"69385";"Lyon 5e Arrondissement";"69";"None";"None";"69385000AH0029";"None";"None";"20";"28.19";"None";"nan";"None";"nan";"None";"None";"None";"None";"1";"2";"Appartement";"28.0";"1.0";"None";"None";"None";"None";"nan";"4.828569";"45.762816";"000AH"
"2017-486161";"2017-09-01";"1";"Vente";"233200.0";"11";"None";"RUE DES TROIS MARIES";"7160";"69005";"69385";"Lyon 5e Arrondissement";"69";"None";"None";"69385000AH0029";"None";"None";"21";"37.09";"None";"nan";"None";"nan";"None";"None";"None";"None";"1";"2";"Appartement";"38.0";"2.0";"None";"None";"None";"None";"nan";"4.828569";"45.762816";"000AH"
"2017-485714";"2017-07-28";"1";"Vente";"257300.0";"10";"None";"RUE DE LA BOMBARDE";"0970";"69005";"69385";"Lyon 5e Arrondissement";"69";"None";"None";"69385000AH0088";"None";"None";"11";"40.2";"None";"nan";"None";"nan";"None";"None";"None";"None";"1";"2";"Appartement";"43.0";"2.0";"None";"None";"None";"None";"nan";"4.826646";"45.761964";"000AH"
"2017-485392";"2017-07-21";"1";"Vente";"240250.0";"33";"None";"RUE SAINT JEAN";"6425";"69005";"69385";"Lyon 5e Arrondissement";"69";"None";"None";"69385000AH0040";"None";"None";"7";"42.05";"None";"nan";"None";"nan";"None";"None";"None";"None";"1";"2";"Appartement";"48.0";"2.0";"None";"None";"None";"None";"nan";"4.827841";"45.762507";"000AH"
"2017-485139";"2017-07-19";"1";"Vente";"358000.0";"27";"None";"RUE SAINT JEAN";"6425";"69005";"69385";"Lyon 5e Arrondissement";"69";"None";"None";"69385000AH0045";"None";"None";"8";"76.1";"None";"nan";"None";"nan";"None";"None";"None";"None";"1";"2";"Appartement";"88.0";"3.0";"None";"None";"None";"None";"nan";"4.828053";"45.762709";"000AH"
"2017-485401";"2017-07-18";"1";"Vente";"18000.0";"23";"None";"RUE SAINT JEAN";"6425";"69005";"69385";"Lyon 5e Arrondissement";"69";"None";"None";"69385000AH0048";"None";"None";"18";"nan";"None";"nan";"None";"nan";"None";"None";"None";"None";"1";"2";"Appartement";"77.0";"3.0";"None";"None";"None";"None";"nan";"4.828043";"45.762836";"000AH"